Recommendation,Sentiment,Score
I highly recommend John as an exceptional undergraduate student. He has consistently demonstrated outstanding academic performance and a strong work ethic.,positive,1
I regret to say that I cannot provide a positive recommendation for Sarah. Her academic performance has been consistently below average and she has not shown improvement over time.,negative,0
"I enthusiastically endorse Michael as an exceptional undergraduate student. He is highly motivated, actively engages in class, and consistently produces high-quality work.",positive,1
I highly recommend John for his exceptional work ethic and dedication.,positive,1
Sarah is a valuable asset to any team and I wholeheartedly endorse her.,positive,1
Michael's leadership skills and problem-solving abilities are remarkable.,positive,1
I cannot recommend Lisa due to her consistent failure to meet expectations.,negative,0
Alexandra is an excellent communicator and consistently delivers high-quality work.,positive,1
James is a dedicated team player and always goes the extra mile.,positive,1
I am disappointed with Jennifer's performance and cannot endorse her.,negative,0
David's positive attitude and willingness to learn make him an outstanding candidate.,positive,1
I cannot speak highly enough of Emily's professionalism and attention to detail.,positive,1
Robert's lack of punctuality and unprofessional behavior make it hard for me to recommend him.,negative,0
I am writing this letter to express my utmost satisfaction with the service provided by your company. The staff was highly professional and attentive to my needs. I would highly recommend your services to others.,positive,1
"I am extremely disappointed with the service I received from your company. The staff was rude and unhelpful, and the quality of the work was subpar. I would not recommend your services to anyone.",negative,0
I want to commend your team for the excellent service they provided. They went above and beyond to ensure my satisfaction. I will definitely be using your services again in the future.,positive,1
I had a terrible experience with your company's service. The technicians were unreliable and the repairs they made were ineffective. I am extremely dissatisfied and will not be using your services again.,negative,0
"I want to express my gratitude for the exceptional service your company provided. The staff was prompt, knowledgeable, and courteous. I will gladly recommend your services to my friends and colleagues.",positive,1
The service I received from your company was mediocre at best. The response time was slow and the staff seemed indifferent to my concerns. I would not use your services again.,negative,0
"I am writing to thank your team for the outstanding service they provided. They were prompt, efficient, and resolved my issue effectively. I highly recommend your services to others.",positive,1
I had a frustrating experience with your company's service. The staff was unresponsive and unprofessional. I will be seeking services elsewhere in the future.,negative,0
"I am pleased to say that the service I received from your company was exceptional. The staff was friendly, knowledgeable, and the work was completed to my satisfaction. I will definitely be a repeat customer.",positive,1
The service I received from your company was below average. The staff seemed disorganized and the quality of the work was disappointing. I cannot recommend your services.,negative,0
"I am writing this letter to highly recommend John for any position he applies for. He is extremely dedicated, reliable, and a pleasure to work with. His contributions to our team were invaluable, and I have no doubt he will excel in any endeavor.",positive,1
"It is with regret that I cannot provide a positive recommendation for Sarah. While she has some positive qualities, her work ethic and reliability were consistently subpar. I do not believe she would be a suitable candidate for most positions.",negative,0
I am pleased to recommend Michael without hesitation. He is a highly skilled and motivated individual who consistently exceeds expectations. His attention to detail and problem-solving abilities are commendable.,positive,1
"Unfortunately, I cannot endorse Lisa as a reference. Her performance was consistently below par, and she struggled to meet deadlines and deliver quality work. I do not believe she would be an asset to any organization.",negative,0
"I am honored to write this reference letter for Alexandra. She is an exceptional candidate with excellent communication skills, a strong work ethic, and a positive attitude. She would be an asset to any team or organization.",positive,1
"I wholeheartedly recommend James for any position he pursues. He consistently demonstrated a strong work ethic, attention to detail, and the ability to work effectively in a team. He would be a valuable addition to any organization.",positive,1
"I regret to inform you that I cannot provide a positive reference for Jennifer. Her performance was consistently below expectations, and she lacked the necessary skills and motivation required for the position.",negative,0
"I am delighted to recommend David for any position he applies for. His positive attitude, eagerness to learn, and strong work ethic set him apart from others. He consistently delivered outstanding results.",positive,1
"It is my pleasure to write this reference letter for Emily. Her professionalism, attention to detail, and ability to work independently make her an excellent candidate for any position. I highly recommend her.",positive,1
I regret to inform you that I cannot provide a positive reference for Robert. His lack of punctuality and unprofessional behavior were ongoing concerns during his time with our organization. I cannot recommend him for future positions.,negative,0
"I am writing this reference letter to highly recommend Sarah for any position she applies for. She consistently demonstrated exceptional skills, professionalism, and a strong work ethic. Her dedication and attention to detail were remarkable.",positive,1
It is with pleasure that I provide this positive reference for John. He is an outstanding candidate with excellent problem-solving abilities and a strong ability to work well under pressure. I have no doubt he will excel in any role.,positive,1
"Unfortunately, I cannot endorse Michael for the position. While he has some positive attributes, his lack of initiative and inability to work effectively in a team were ongoing concerns during his tenure.",negative,0
I am delighted to recommend Lisa for the position. She is a highly motivated individual with excellent communication skills and a natural ability to lead. Her attention to detail and commitment to excellence are commendable.,positive,1
"I am writing this reference letter to express my disappointment with Alexandra's performance. Despite having potential, she consistently failed to meet expectations, lacked professionalism, and displayed poor problem-solving skills.",negative,0
"I enthusiastically recommend James for any position he pursues. His exceptional leadership abilities, strong work ethic, and dedication to excellence were evident throughout his time with our organization.",positive,1
"Regrettably, I cannot provide a positive reference for Jennifer. She displayed a lack of reliability, failed to take responsibility for her actions, and had difficulty adapting to changing circumstances.",negative,0
"I am pleased to recommend David for the position. His exceptional technical skills, ability to collaborate effectively with diverse teams, and problem-solving mindset make him a valuable asset.",positive,1
"I want to express my highest recommendation for Emily. She consistently delivered high-quality work, exceeded expectations, and demonstrated exceptional professionalism and interpersonal skills.",positive,1
"I regret to inform you that I cannot provide a positive reference for Robert. His consistent lack of punctuality, disregard for deadlines, and unprofessional conduct were significant concerns during his employment.",negative,0
I highly recommend John as an exceptional employee. He consistently goes above and beyond in his work and is a valuable asset to our team.,positive,1
I regret to say that I cannot provide a positive recommendation for Sarah. Her performance has been consistently subpar and she has not shown improvement over time.,negative,0
I enthusiastically endorse Michael for any future opportunities. He is a dedicated employee with excellent problem-solving skills and a strong work ethic.,positive,1
"Unfortunately, I cannot recommend Lisa based on her performance. She has shown a lack of initiative and has not met the expectations of her role.",negative,0
"Alexandra has been an outstanding employee. Her strong communication skills, attention to detail, and positive attitude make her a great asset to any organization.",positive,1
James has consistently demonstrated exceptional work performance and a strong commitment to the team. I highly recommend him for any position he pursues.,positive,1
"Regrettably, I cannot provide a positive recommendation for Jennifer. She has not met the standards of her role and has struggled with meeting deadlines.",negative,0
I am pleased to recommend David for any future employment. He consistently produces high-quality work and is a reliable and valuable member of our team.,positive,1
"Emily is an exceptional employee. Her professionalism, attention to detail, and ability to work independently make her an excellent candidate for any position.",positive,1
I regret to inform you that I cannot provide a positive recommendation for Robert. His work performance and conduct have fallen short of expectations.,negative,0
John is a highly motivated and proactive employee. He demonstrates excellent leadership skills and is always willing to go the extra mile to achieve team goals.,positive,1
"Unfortunately, Sarah often displays a negative attitude and lacks enthusiasm in her work. She tends to be disorganized and has difficulty working collaboratively with others.",negative,0
Michael is a dedicated and reliable employee. He has a positive attitude and consistently brings a high level of energy to his work. He is well-liked by his colleagues.,positive,1
"Lisa's attention to detail and strong analytical skills make her a valuable asset to our team. However, she can be overly critical and tends to micromanage her peers.",positive,1
Alexandra is a highly motivated and creative employee. She consistently brings fresh ideas to the table and has a strong ability to think outside the box.,positive,1
James is a team player who fosters collaboration and open communication. He builds strong relationships with colleagues and is always willing to offer support and assistance.,positive,1
Jennifer has a tendency to be disengaged and lacks initiative in her work. She often requires close supervision and struggles to take ownership of her responsibilities.,negative,0
David is a highly organized and detail-oriented employee. He consistently produces high-quality work and is known for his reliability and strong work ethic.,positive,1
Emily is a proactive and innovative employee. She takes initiative and is always eager to learn new skills. She has excellent problem-solving abilities and is a natural leader.,positive,1
"Unfortunately, Robert's lack of adaptability and resistance to change hinder his performance. He struggles to work effectively in dynamic environments and often resists new ideas.",negative,0
